reach_diff,age_diff,height_diff,strike_acc_diff,takedown_acc_diff,win
0.006150766787412871,0.7013393738602827,2.090768409357639,-13.665243151280329,-16.91096798191634,0
1.4937276875423495,1.5683791466622918,-0.33427970612012103,2.094290472683409,-3.646500182510735,1
-1.3706892768110879,-1.508297801604387,1.0705118350576157,-5.305589921699142,-0.40802090724527906,0
-4.452959193786371,4.1167169307913944,0.3171646340999488,-3.687890508614081,1.0479554070860273,0
-2.2733539258586126,0.8415797553185476,1.8949642024451236,-17.415144478985788,-11.673596004573078,0
-4.958232774982312,-4.853528555311439,0.11405624104660717,-8.905443058032077,6.502266590909276,0
0.3007180129871924,-3.7230551039625808,3.7086074504346342,-0.20493929457115093,-12.496713584632424,1
6.701076227772668,3.22188424197849,1.2749483699316766,8.884531740936087,-2.300412150944852,1
-2.461032592756648,1.855325825824239,1.17620287016521,9.900265894080505,13.41658720456726,1
-3.102374499099702,-7.596244956026404,1.2296007530476696,-0.8032647499591145,-7.117573020089456,1
2.449210250925991,5.390849215449635,-4.36991322770616,-1.8928835722896975,-5.250016779687878,0
1.7844350408003038,2.3921081243755498,-0.49390725541115976,-8.306791870163398,11.033530773375757,0
0.5270712449894928,5.373371950785994,-0.7779494686484935,4.023564969761391,-3.9471349481748192,0
-4.652340223541024,-1.534803524300336,0.6226401634814526,-2.475780005075383,-3.0525638514551376,0
-0.14625911231636746,-1.1828248853293035,-4.076082492888875,6.05884539149004,2.27358685009715,1
3.476515972291439,-4.505828339005276,4.902344330678733,17.51686804125962,10.784191064946677,1
-6.72107273642541,10.14771828052755,0.31316599246958166,-0.32374957261813664,-22.646259109564685,0
-2.2880788052010907,-0.701816901628595,-3.633952621952022,-14.973544741740719,-8.511711525341054,0
-9.50611369900422,6.350132768327782,-5.126660890736513,-8.608504430288475,-10.349134408139683,0
-6.44768869892488,-2.589169805549118,-0.8438618811620062,-14.581474413366173,-11.144134810834544,0
-9.208675188958662,0.655364769332403,-0.26902623877939735,-11.971096894149785,-8.777834753447102,0
-1.1754556553734063,-6.68540994628032,-2.1548762579231693,13.05270723485468,-8.615483089052315,1
-6.337232407218516,-1.531468595067076,0.27634148377176904,2.266595734584829,3.092160512002342,1
1.3563217941085077,3.9350196336001106,-1.9235273017186818,-15.201744315757592,-9.121276954716766,0
0.7837554331211258,-5.006975262297987,1.654974755118896,6.536321660301217,1.2558427796144458,1
-0.9346547231497719,4.288910179738448,-2.173625455166651,12.603748740788824,4.11420574871898,0
-12.583798554102565,1.3489512633938507,-0.11550067531477573,-3.59874557435862,-7.480531806818757,0
-2.693464479233183,-4.175803699937023,2.936517520086415,-6.75990839136886,1.338761754133952,1
-0.2425047270053599,-2.006389085702694,7.715006648730878,-3.373777124849492,16.775191154460817,1
0.5665449300165378,-1.8362627068216533,-3.02292957789182,2.8460651025417145,3.3005396421210826,0
-7.650678827526968,-0.1980773517700087,-1.3935233102612978,6.39970150256371,-6.529794238599105,0
-2.388766380169653,-2.1445758637723693,-2.519507093399804,11.822168380402335,-0.6652061107914676,1
-4.892595390283198,-3.309151603218146,2.352984965307825,12.124782059131658,-9.379420327921617,0
-4.044186197127996,-1.2183508100592695,-3.4442979171526895,11.854038482269786,2.7713621736140426,0
5.304493116930393,-4.107558954436196,-1.4530711367792595,13.61921431780073,8.824491394473416,1
-4.037673376659482,-5.158106290572308,-0.08880384971253083,6.613877898003535,-8.379442947522655,0
-0.16260852472760298,-0.19270593002943448,-2.9360356184392327,-15.30906604331986,-2.1394383528031953,0
4.42194933691587,3.531496902218273,-2.871975126927544,-1.3096422951361828,11.372961410537146,1
-2.91800216371651,-6.11748682046946,-1.4268686643655948,3.1392051262338434,-5.084857091926813,1
-0.5585097479207981,0.014032605855841786,-6.301320721012081,-3.8312626500769986,1.9210250301024474,0
0.552320716247403,-2.5998247792051825,-4.336434651220003,9.112608549019699,-10.46130800054778,1
0.31890887127530976,-3.908581748538759,-1.239102263379523,-3.602139721855048,-8.367857772429678,1
-6.125279132088467,3.4137506108584756,0.444691909025997,-9.2574702996371,-5.2346318956413995,0
0.3807011518850405,-2.0726787563626647,-0.5572799578607803,14.442989994390622,21.763200232142943,1
6.794117108707688,5.993206732259518,-5.321906084518183,6.660043098063378,-4.09050141336523,0
-7.735723390642412,-3.1193574565855733,-1.3913588752799932,2.1925378420038095,-5.299586860696227,0
4.296913440107991,1.5460079745033297,2.395312921518529,9.267090914598398,-5.63193528477139,1
0.5967701284829062,-0.9091320262288126,1.6675965359739666,10.625342393353856,-1.6560235405827293,1
-3.207351970536107,-3.0160872365054527,-0.23624358458350325,3.410358109726957,6.559301183529252,1
10.002082731712115,2.3507001703110113,-2.6621096252946104,-24.576614188942937,1.8949043700352977,1
3.811298560423559,-0.619930292299229,1.8936491128566175,-6.7558945066772145,20.578146747003956,1
-5.996444510526117,2.412842322854587,-1.73678694362984,-4.565791295783091,2.1379444673291044,0
0.3725811438573171,-0.18916602886798423,-3.5077452074220554,-9.84200895113135,14.474041493565695,1
2.8834479183509263,-4.343265021205753,-2.4065587054853665,1.9867743392031523,2.767111160248597,1
-0.9439106267537466,-0.4082769727556278,4.345035875322458,11.922021328513416,6.055814984474479,1
3.41455133597603,0.20782067806456203,0.6605401146050796,-4.849055852070683,-14.435999397133138,0
-0.33258660074707785,3.8338518155247887,3.4777411591431147,-11.348326696708735,-1.2705944813917864,1
3.3362378041716396,-3.625076029340714,-1.4380089399281037,20.280348109104995,-0.6894774062879866,1
7.19261295828076,-0.15731941306922168,2.8144480175554287,-4.514376060975332,-2.4295700689747153,1
-3.378311255028264,-6.887514920920156,-1.8045121308542302,-12.32964924713251,-21.528786271908672,0
1.0156930519480452,2.6059722413732627,-0.4722821070984914,2.3767724961845884,8.806244618726568,0
-2.3165378826920757,-4.325931898562583,7.45905077986708,4.256825815895342,-3.871503296821815,1
0.6363420561291542,-7.225438084334422,2.301445896898852,-7.050500896806735,-4.380713222463156,1
-5.9359726392507,-0.2368673370989488,-1.5035111259830773,7.904535745882662,-2.5517146104015804,0
-2.896507982513366,4.422739834651385,-0.2544571170801595,-4.873194382866741,-2.2807918887443686,0
-0.9809798640224834,-6.097787792847502,0.9786702626569337,-9.229509153903887,4.070984207887507,1
4.493819360502039,-4.352142341553709,3.6313727685477133,1.7859086852485913,-12.710322515652644,1
5.72611003727066,-2.973099564213125,-1.4673992750104508,7.707689771249504,-9.310420569169969,1
-6.617638962421275,-4.517986585368013,-5.223957253813438,-6.338514911946994,2.906332958993996,0
-3.9732118299352477,1.517711553338339,-0.8389254393789223,3.3062555601421777,1.4558281132036341,0
3.234517112867109,-3.229469780177943,0.04615637149126973,-0.9349163940534987,-3.7665480890873253,1
-9.962098920872473,-2.8860589458408086,0.32861390620571995,28.244336497361434,-5.739124056409823,1
-2.315849324761835,2.3332215947292445,3.950070408547987,-7.085596811630914,-8.344247031699268,0
-0.4864346283504451,-3.022058523874737,0.9500612349177846,13.841716005395124,-0.583551638956689,1
6.285074886434099,1.731120391122889,2.438750914907954,-0.5234628843888602,11.807324731914441,1
3.4470195028537782,-3.885540687528173,-3.3033410817744073,-1.2676200367229016,-10.580507513790518,1
-1.6360671011109893,-4.848554056861158,2.603704465273643,7.216651115364378,15.233180466501626,1
-1.8428794704997955,-7.341797156763691,6.288659494968852,8.939905665405023,8.439814653804284,1
-1.2509770025896247,7.444811147646916,2.3187278707505334,12.670156409533917,-4.529637373099388,0
7.617647002280801,-1.2810361285239866,0.7606671598221527,3.286517351351579,7.830748754630861,1
-2.140124712864336,0.9757334717937166,0.46196456522322943,-6.003963897579253,-14.659034168620872,0
-1.518401941823647,-0.1241980359231968,5.361426717078009,-5.376461041840627,-17.315749451612408,1
1.7629453364263268,0.6398470280290509,-2.781544450172589,5.096531908833498,-12.897822561511795,1
-0.6038522254322756,0.19874591749748993,-0.33330707386214997,5.8089987060774115,-4.097464653141918,0
-0.9864211398286128,7.632868156810795,1.3806227788146406,13.980509406964945,-3.2540996894968135,0
-5.570335715755281,-4.155706363828589,2.2320033234395966,4.184304554186962,-5.151424171426699,1
-0.057607340192740865,-6.229848424392708,-1.3119837171251576,10.601682652577384,0.9942269056475599,1
-2.217906114872096,-4.047838673937419,0.9219641841817062,15.167710347839572,-21.351539077186807,1
5.830638880951113,-5.3388360390341845,-0.8337644440533669,1.6480054453110586,4.953494063515442,1
3.265442513505819,2.98784820992777,0.36141339840383874,-14.855586515906856,-14.193005788923314,0
-0.12071806504966116,3.2815128381510275,-0.3962746211216873,-11.7927708650058,-6.608506052253199,0
3.341905116336719,-3.845262180601306,-3.4247810335666484,-14.378028681905121,-4.128504662929992,1
-1.699347758565747,-5.561743105851967,-0.06334075507034015,15.915903810140994,-11.562106367424828,1
5.260631792134735,-1.419186612564379,2.631454566185507,-8.474085948289408,-13.709996686375883,0
-0.026997803358133027,5.564495511505574,-2.9010548746250224,12.31841565412289,-10.060816652143075,0
2.916911770902069,-11.278277671193264,-0.7232752463245036,5.857319115638746,-0.119236421411786,1
-6.454466226617436,2.1065070760634987,1.9943401933714457,17.152691268390477,5.899821790594377,1
1.7334002443921488,-4.303020909794341,-3.2095953202415197,10.030938194878393,5.642351777039467,1
-8.441020586832709,4.161468586165097,0.5479150125244756,-1.0237026121340074,-9.944910382704913,0
-10.176644724699662,-4.311695763507008,-3.1803894568603095,-2.0003045039326857,-7.91577148211955,0
-1.5223843885571862,-1.141663308863362,3.403891502501324,0.8516771994614659,-9.206031646499282,1
-4.499638037992976,-6.025116402558253,6.938464145639587,1.752609518988573,4.498123120964776,1
0.8202639785611128,-3.9090314019923893,6.066765852737291,-5.307436711234165,-20.37420180518552,1
11.223783132430247,5.543356652184473,-0.6575420333194127,-0.3262829758865476,12.383392605822287,1
-4.158615907060408,3.2823147435602347,2.220597386221879,16.093200620023946,-4.8480487528966325,0
-3.1197179322195296,-1.6066726086027026,0.362993185500468,-17.021383108256533,-7.835248638003831,0
1.0270197303234945,-3.4806894808170235,0.3063176882078538,2.58488139526861,3.394537959075636,1
2.4650664570617815,-7.575228546047256,4.643271182813491,-9.069528059807551,10.326190551063526,1
-0.882030329528791,-1.5746268476039371,-3.9575387285524624,1.8703708280488074,3.42583256884926,1
-1.0296516512660823,-0.123613010345192,3.1658837923983443,8.398557752082006,10.527444573186129,1
3.512314775602721,-0.33621743133793613,-0.14692798546720282,-0.5761018045769088,1.3435881665376626,1
2.599538185169492,-0.3751677119046808,4.225621861812426,7.7298691984840175,12.296386057077333,1
-5.168379160368444,-4.487238508907704,0.5617001066983298,-15.89839401384186,12.45160038618696,0
-0.39590659307920917,-0.2650955414624719,-2.018015983578556,11.069891126654728,-0.9947878933206502,0
0.17643424330737068,-0.1546935181404237,0.8314211302541494,-6.0312924264811585,14.39205887926953,1
-5.272423110245552,5.16224815121271,2.2079012850890503,6.224080697923652,1.6473370131349794,0
1.2991955033718168,7.466933817409449,0.10729102233358229,1.8244809597646958,0.8689322030202752,0
-4.289782385882719,-0.5479561076711665,1.4641148296697937,-25.85562179123786,-9.214736704473935,0
4.860333539585214,-3.0652238047035465,-1.565025527105949,-7.5606412147022155,-2.8878000578719427,1
0.963729563025362,-0.25992851904785463,-6.4016517025352195,2.205083679354022,7.775827458435827,0
0.44653242884525146,-2.430485101017748,2.700070751320026,15.539760815691256,-13.126469097364055,1
-2.95514176428137,-2.9697352629849965,2.0974792085528664,2.872682859036707,6.496240093252744,0
-0.5930491193884702,-0.23460060768856947,0.4445351538430008,2.5769587977073978,3.4861595126946425,1
-9.988731464535274,-4.173217724609261,0.2052316866309702,-14.12684089629386,2.775614162501203,0
-5.657037352615292,2.42442700462007,3.1088873080642117,14.311466965234903,-22.064921954239676,0
1.8141989959437717,-0.41566219673630916,-1.3713201764296814,18.070769951881157,-1.032429196345987,1
-10.642835209110723,1.0000332274398103,-2.1196021960755553,0.28575043123975086,6.48260007690957,0
4.233042607405817,-0.7317601438826861,-0.565649608487958,-2.197570482201158,-7.629549569181814,0
-8.730482376869544,-2.909017789009649,3.5672915656545947,-16.190497158096594,0.9030669909778299,0
3.7836925133213377,-3.7918382389954073,-4.161338712793455,8.833210589564919,-23.780732690682193,0
-4.2274851643966205,-0.9491040172981638,3.5754899778420257,27.022793256924214,6.713930362884684,1
3.8949554217123064,-2.1950413497112478,-1.917758562616542,7.1711307478649156,-6.624328096757434,1
0.6547560379239991,0.9356053328383025,-3.302230499172066,12.637035181531974,8.713569475667258,1
-7.684174701457444,-0.017726812790557465,3.7801855084269564,5.4208729370816595,-18.427862759322256,0
6.2457437477922735,-5.449226991690917,-0.2906702843885842,-9.850158865687554,6.92267388325644,1
7.208535777613058,0.26848519771340695,-3.9007030931547697,13.366726310198633,-2.369392876523166,1
-0.3290245300010355,-5.371441668563029,-1.0761991771693,-12.345748994697193,8.076037976689607,1
-1.3695813608616016,-2.465910502077122,2.793157292661111,-2.106649056630421,-9.257097871121,1
-0.7993348298531817,-1.1774144368713897,3.576222577865319,2.788517450025256,-6.184570247432196,0
-4.875761613893731,-8.301093111645244,-1.281296045763152,8.829096607766575,22.42451344822542,1
5.4929337987845885,0.36602979143992537,1.218962277291825,4.159856654309636,-8.2995215043723,1
-2.714459658650934,0.6039333988573402,2.142253897183289,3.8683450083341233,-7.060272074078801,0
-0.2559520634583829,-0.6320967736986914,-1.933879481149066,-7.6148806842876295,-2.765820371650829,1
-3.966482016015218,-1.6972690898863767,1.06510822549933,-12.89371413960456,-10.225587258203658,0
-3.130365498600986,-1.49441464043256,-0.09563374426668336,0.6148066826321137,11.904567863502933,0
-6.388625758255852,-3.906157874444227,-1.60807323141928,-7.101947772428982,17.250133142042525,0
6.285346568571963,-1.0788014789152476,-1.4764438061367748,-13.077856280692512,-7.041060665833361,0
-0.7704378660300659,-2.2104472140594473,0.20110344560163276,-12.65946471501941,-17.260321790132927,0
4.829608093644044,0.36674157074959507,0.08956046087589853,-4.901284741731129,11.719773029907547,1
0.06662298456629881,-4.816544358179429,-1.6964698599730121,-18.525788601740068,11.083905117917274,0
-3.4720176385144708,0.942359636044576,-1.2778353252004797,-13.474687028443723,8.216591921785865,0
-1.6334263000112608,0.5728755739106792,3.340011715021013,-16.351369290692524,11.565114347489136,1
-2.801155252514498,-0.5662513287148948,0.6414814055309507,1.822594637816633,-8.675252658238028,0
0.03979549592456829,-1.756819292345156,2.6552830997648473,4.079842295184183,-1.6849640867193971,1
-1.8763341983847783,2.20935956988045,3.605466695812261,20.071409631828267,-13.841096043405486,1
-1.4996085797089918,-6.658406827175458,1.7665267789186458,-14.975297992323828,-14.181628295858129,1
-6.892873420679568,1.8418133525804807,6.812658940147298,-6.795969589096627,9.81101307269532,1
-4.034229638105603,0.9721498647614887,-2.4759120952916853,9.126113893228037,-6.719132624431085,0
8.27028774400215,1.1335051701384622,2.4252287792468765,-2.167738049889562,22.795715940200587,1
-3.3561660812585865,1.5332503697307012,-0.9544319190932751,-3.2699793870779947,0.7418010998257194,0
-5.270468938117464,-2.614577626371401,5.567349790113834,17.09169703339553,-6.404248152337142,1
1.6866316628751543,-1.0378402332057421,5.101320364177273,-3.3840615952072777,7.978852037063576,1
7.03636099778266,2.5482333248653974,-5.862633546020222,-11.561948693340067,18.01262357599373,0
-7.270121512406041,1.722556976332441,-2.9065987275356413,-13.169399598669395,4.861309594251473,0
-1.0426092412563532,0.826851061770595,1.9929387323830254,3.356943223139325,-12.171451707936498,0
-3.1602627696745387,-6.05728098047851,2.369601629653429,3.0524160340596707,3.710028018850627,1
-8.805097371637014,2.1515484595328322,2.2096926484778305,-13.717023702861768,13.755980610667297,0
3.6746335462919575,4.677883967972425,-0.2125959845200287,-9.85396257726311,-4.932409490262948,0
-0.11721959277422325,4.0386859721714305,1.3653624736904306,5.347126378156121,-7.736419574112768,0
0.35720922146302675,0.9355121950764216,1.95906430735897,5.772667725251409,10.16447911362902,1
-3.7615573622279457,-6.230714414416778,-0.23361380861197173,-6.4322208360398925,1.3996774050198106,1
2.273920814984583,3.7701792569120802,3.081905905084885,6.222162018519841,-11.025421026827413,0
-2.696486747436605,-0.5890185468790692,-6.778491747327138,5.71854587290561,-3.7974660158154183,0
-0.7145160424838035,-10.130078592267862,1.901380558709977,-17.830817487195436,-7.556624909659567,1
-5.541303960907565,1.5088296124288159,-3.1021578368571783,-3.120637504487101,2.9626866487042074,0
-6.0805138010409765,-5.968687132318146,2.8760334239081677,4.151255911211221,1.0968451349353867,1
6.677659276500113,-5.185762320780252,-0.6860532746736003,-5.730757021639871,11.504470430602268,1
-2.535523522692376,-2.539835569495411,-2.666361813252074,-21.38931868967707,7.096650419812458,0
1.4584017817790096,5.090364711531536,1.1217064702327302,-2.8301472146612126,-15.635339940293726,0
-0.1689521738368616,-1.4833814167135722,-2.7340004935373,7.5209315994141175,4.069905314552761,1
-2.2057260138109207,1.0839663509468624,-2.7383036926661823,15.804055858131328,8.969323196734049,0
-2.539804851686098,6.991871855008922,-4.701883067859276,-21.90782661253991,4.558792670328841,0
3.1504129572279305,6.376119050623167,-0.08012326439433967,26.133213455642696,10.30059659279482,1
-1.509338022669549,-0.41341366330946006,1.4904705650725059,-11.271363310292688,-5.4957699267009,0
-0.7572182408564601,-0.9660840882420452,3.0690779583937275,9.569708708011316,-9.508318272858517,1
0.11110778597239757,-5.0434825363582005,-0.4251835853670337,12.341980705343904,9.300700252424972,1
5.882541601260007,-2.7778322967263644,3.143565625342937,9.830173001338016,-10.654646714857103,1
3.402554873165691,1.7014333904510803,0.05388292540440571,1.4961847956037584,-21.59537532777703,0
1.913001338639964,1.5829230472385873,-0.27986544293866394,-11.614176626879232,10.252999446570168,1
-2.8178569667662083,0.44095292469583824,1.7206888435733692,6.265587879860714,-7.241849256687074,0
-6.909843600032327,3.9792066302557014,3.175178328377272,-7.152331767755107,-3.0606620100966704,0
4.74764965867651,-3.089472052132723,-1.024303363375778,-25.226949434372873,-13.979793482304121,0
4.832235671104381,-0.22430608073386007,-0.7312848658678758,28.288986337162726,-13.25527587005121,1
-0.7035419956167015,2.9249719539792487,-0.48249421409951787,7.0810202196066925,-11.565888419756082,0
2.70941920801759,2.336583624911672,0.2483073809755163,18.180771284865394,-3.606498517318112,1
3.907215269427025,4.283783102929678,-2.701224628815451,-9.116228074944425,3.699990761559306,0
4.155922263324909,1.5880816270602425,3.0840181801988615,14.675028234118994,-22.978112157574074,1
4.606917366232354,-1.2376102223873275,-1.2012288953349999,15.898691581489963,7.521731746180223,1
-2.278088253305664,1.448769041049598,1.3873303703335922,15.545495245011743,-11.819981627886008,0
7.574864913323588,-4.0103807855364355,-2.476417716671774,-0.212063332121524,-10.663117579540621,1
-6.232965291428542,-6.557837326172505,1.076411858426681,-12.024620437425993,6.7785538807499375,0
4.308615384968245,2.3226871235887083,1.1747790472510045,-1.7731280686363584,-0.7463393251439393,0
2.4696603951537925,-0.2205613312840336,-1.2620442203920024,-22.027691137666046,-15.364337862406881,0
4.368095567622512,1.2336385056680341,6.062668298991425,-17.02012389403535,18.445926872343726,1
9.395041535483685,-6.790737455365672,1.1131198837257126,0.9193878115026889,-8.60621604940783,1
7.422227366893245,-1.4604560989017201,5.330786768932153,-9.91398465768181,2.4731595194748675,1
-5.725884535946625,-2.39942845492611,2.8774167716943753,-1.6444685545475026,1.9989034860785517,1
-8.443357901339285,-3.4568484589466792,-1.9868244211681998,-1.0899975140135905,14.113271618631945,0
4.084445295268983,-9.02006002584984,-1.1465604469736863,19.307270485184006,-4.556688354458876,1
-5.075062079379615,-1.339493928548205,1.3083062020716918,12.97626569750945,10.080896843825943,1
-0.062026943237566495,3.589217152664763,0.1835175955162526,-0.44872584162825807,-7.418895223181268,0
4.19863738502597,1.5239908874549528,0.14838342527679743,12.088995341693431,11.22128858502219,1
-8.218986755927931,-2.403786438663225,-0.858614863123651,-7.797131446903424,-7.629846295818386,0
-10.549902271547394,-0.059503886601200734,-5.425429067222986,-3.3689702409487015,-3.622090986144956,0
1.296495101686135,3.0272003209520353,-0.6762979302620744,9.102243101173967,18.95966547899031,1
0.2219294480664852,-11.041671450616773,-6.654364391768279,-12.416605775709948,3.1697138811833865,1
-1.2290153569096127,-0.4981461872265501,1.1154587063548114,-2.7898072830022507,1.0975897270269166,1
0.1926738188510908,2.1728005887257513,-2.178173362283118,-13.20845860088044,22.42049275012055,1
-4.302578036836398,2.7285145009367002,-2.1462501785164285,1.1747240782797057,3.6135667403348206,0
-7.567472036360535,6.802920828040119,-0.6579113868899364,16.325157555894336,-8.161373077286054,0
-0.8332742544016085,4.540182716385922,0.8180170388875923,-7.520968891009723,7.346279982945126,0
-4.858543455246958,1.2502513389849887,-4.2960185332078655,2.2587949591382888,-11.816809170080981,0
-8.217406612055534,1.2079040244617065,-5.24580356866022,-8.973219016364986,11.283165387439176,0
2.5284053569663834,3.1477813919783992,-3.19819761449944,-11.495489432403886,12.059777598201684,1
-0.306993142110879,-2.1573079789693623,-6.12518257259617,-12.358495203417462,-5.729591785412275,0
2.0326426831640694,-0.16075221977274062,-2.9005488296678945,14.547520814096037,-6.279018492838489,1
-4.946474707129685,3.624956012314147,4.772649091568898,23.62435470617594,1.7650426235091057,0
-3.2902939591832894,7.829780859580363,-3.169757749491155,4.830437053055756,0.14155151778964392,0
-4.995215136100828,-0.637069222926968,1.954215524700551,-7.162929691373377,-9.77687616866345,0
-4.433209335290241,-0.19360275731945617,-4.114904424795406,7.048916343431867,5.68087866318815,0
0.9770395887470107,0.7939207751507159,0.8973604577174811,-3.343235263430333,-20.4187569626381,0
-3.9148730816747292,5.372814776032227,-0.9592014366380458,8.013983475373728,-4.328594582570729,0
1.780331444101373,-0.121253214356601,-0.17943835660281854,2.9099363819943935,-4.039409648569437,1
1.6987796270910809,5.87743614588458,1.7063327831026234,2.7970415085508913,-2.7326555152247796,0
10.125804934400513,-3.866628869715002,5.268720375948538,6.072760593752838,3.0722390537572073,1
-6.963945229334048,-0.7441451829479805,0.5841190494998206,-5.7949363697715714,-12.280224264191329,0
4.439511889175227,-0.7926606267421038,0.37307685418828473,-4.043678231128611,5.88515083235814,1
-0.4474398094420915,3.14602289638488,-2.920103152446944,-17.21245590053954,-1.8015401532168407,0
-0.0701486506549847,4.181041507913113,1.7500189659969987,-4.41869441453459,-6.502161118136258,1
-7.249319109533055,-6.03777743247293,-0.7382169916358121,-14.223326900648361,-13.668261344956104,0
-2.3009690636232714,-3.6604705032448988,2.49602112872529,-1.4468119903994157,-11.831092717326179,0
3.71598631721977,1.3474099151058485,-0.1311193514549181,-9.576309493862569,3.6032477202925377,0
-0.4123918600865259,-2.634774583543259,5.222567111429553,1.0123442032130816,-9.63849109542118,1
0.4052718520563281,-6.089711102590572,-5.948749509412398,4.532393064157399,0.6419869785194916,1
-1.4535834030027068,4.153919888093917,-0.8897980804652226,-14.201225710648771,10.619829547581245,0
5.772848734931434,1.975880336614593,2.6444449164037778,-8.13279094245965,10.326426153462446,1
-0.10736283521747397,1.9727099874429888,-1.0520765912549612,-9.433119018353825,15.60396960762825,0
-11.00207836241031,-1.9017828657843816,-2.3765192070163823,7.464934250784422,-2.962933235178116,0
-3.4603627523724527,4.115753808669284,-0.7976418172187474,17.063620273868246,-10.85149071818796,0
-9.843983035401214,-0.959839985708481,-4.139786242822012,8.515366153697316,10.205255103878336,0
-16.257192077482692,4.385741111291809,0.3568613150693084,-3.4941892769912597,3.096038505045697,0
-2.6505767488615604,-3.646660603770489,7.321385520519671,14.650063896361285,11.239506500774198,1
6.667799250513618,-3.4165417907352036,3.4350944946801842,-15.141077364412707,0.11056071054014804,1
0.2355995306529646,0.8186528423907854,-3.327027319545808,14.993580521280919,11.956460244626362,1
-5.862728537024897,-2.809328583188235,-2.620023246984878,-6.562142063018172,8.463874200542666,1
-4.703499341012112,2.7018042614753215,-1.2141834270673608,-27.802932151547175,7.164209034176229,0
5.6530661512500435,1.0403509765162147,3.0132483832018098,26.508047390847572,5.035228777965482,1
0.7881331169923239,-3.691884871452394,-2.464461027507563,15.780230743235615,3.9769901252911213,1
0.2399962078102848,0.29146240378040095,-2.0706942568426014,-10.318837271201073,2.3303580701466684,0
-0.2673089441902859,-1.4051107527494666,2.654248300544714,1.6900864759315983,2.259062395290506,1
0.19200130777673247,3.6633313167081885,2.59395771142544,-2.144994522532004,9.901945955597037,0
4.027028234718991,-2.530211932712817,-1.1214439811683454,1.0222080329493188,-5.119796739109454,1
2.7628364867803774,-1.7566923818915199,-3.3532902431183773,-14.832864375412333,17.356851360938105,0
1.078523500122473,4.844947621505338,-4.649234469788121,-6.814939826667939,-1.0624254535920759,0
-5.214341787950053,8.954373556970053,-2.096970380730313,4.6796128274761895,9.853821950888337,0
2.555543824548635,7.996034656911744,-6.691586706814587,2.226961699555749,-0.90241187788843,0
-3.4212353899624706,0.25289204664243264,2.2494596457297455,11.992385100066276,-2.4666599543029064,1
5.469228379502393,0.8754188282728971,-1.8900920994136758,0.7975025742709378,20.3224148573078,1
-6.355254108620637,6.133834649130642,1.4438809927354148,23.492216858979997,-3.0934478520137687,0
-0.6881048813779427,-0.497739224978525,5.604974662804001,-7.157315571686473,-12.772167626756437,0
-0.036791431456354745,-3.9053965485494655,3.518987121398592,2.5933239195354356,-7.140821590207356,1
-6.623227753220683,0.46750238974519376,-3.4534045138409724,-19.16317895933467,-3.172279535082004,0
8.609858219282394,1.8060671221285258,2.607746959430081,-12.531331287645449,21.551918527177758,1
7.3020338362977615,-3.3165984712729926,3.473571082549312,13.285259609313695,2.067559322063145,1
-2.3179188080454156,-6.584924565996607,-2.2390695542882764,-9.428027674786568,9.34713399799297,1
3.858605827822616,-5.746918058216405,-2.8598907692160127,5.3067517400143185,-10.015999568800835,1
1.8933803483510592,2.661717136689316,-0.3290756920156248,-0.6177085735139874,3.526082897611467,1
-13.06779731672629,-3.0335060652473747,-4.804270048548545,-10.445489576875715,6.714783483964632,0
1.2519900813879525,-0.5653883694844557,4.4122048479046585,-3.482492741871596,18.016269554643518,1
-0.3067203991662425,0.8502347373513539,-7.216091379091472,-5.142336346467204,-6.962704483239791,0
0.4160867673726518,2.4765635163788393,-3.3204222472261815,-4.873658684579376,6.034894626938439,0
-5.384374599135891,-1.3396111948538965,-0.8086954920275038,7.53608210927443,3.0258390845332728,0
-1.3467352311020244,1.994862801922407,-0.6812612739920497,6.523445544165803,-10.217147105319773,0
-0.8912938169114857,-3.5602411684833717,0.4983725194278731,-5.774256966270559,-0.1945623558618069,0
5.940471086061594,-1.4468561027120475,0.8143457060245101,-9.07102803839221,-2.6347490953639054,1
1.6721353019550715,-4.097662351151483,-0.6408360438763445,2.823373345183147,-23.253654259467844,1
-0.027775151013318847,4.527068865447667,3.410658956309824,-1.000154117505965,5.986691243822296,1
7.6448499895547,-0.1083329122679649,-6.418128508911583,10.282824624497804,5.402434197435296,1
-2.776239648818236,-2.957229950521198,-0.0004935417508819965,26.55293570613392,-4.389347939960198,1
-1.9471515243769235,-1.409487192260586,-2.143753235146193,8.429244344247891,-13.38561944614698,0
-9.083775056695298,-0.8869139228930998,0.39754030543045893,-0.34730271064206375,14.798808671326215,0
7.845529231418062,2.802079165300038,0.6622795138388364,-1.720439708790578,2.659992873937966,1
4.821661840972142,-6.382544712740944,-2.735486629484367,-8.566941204641656,10.167012940116214,1
4.584240222558538,-4.148823366501676,-1.9228469896064773,-9.066727843825847,14.103217967020154,1
3.3444922322346873,-1.5124290062299883,2.3777601697555326,-10.034155105010749,-5.209067843230216,1
0.55074293831826,10.129223331071225,1.047168805952957,-3.9533517140537895,8.121545326407661,0
1.0774446959116446,3.8227155701279787,-2.0407453098074333,-4.2714344576083985,-2.4114901367011132,0
-1.2600329513365391,-0.4458067165237743,6.119672878025828,7.437307065618272,-0.625486414998812,1
-1.0180021286147312,2.847998329643358,6.927532945485247,-3.989990150004549,-0.8561561663868582,1
0.27151805856847133,8.229744678521344,-4.387387436881065,-1.974497164360777,-0.01318932455036746,0
7.559147557818886,-0.9349757071015603,0.9053848809010298,-12.182740255558127,11.139601996293393,1
2.778439509040393,-1.4656533763902406,7.526983306897174,16.44575629197004,1.238275310286112,1
-0.2923006287943073,4.847774172887583,2.351695887554677,5.06986409586556,-1.537327480580961,1
-2.8969602522169806,1.9767019925317706,0.6631804287376393,17.888731692239134,-2.765372315166119,0
-3.1749924370582976,2.685332621290227,-0.6241705000782992,7.968857920360226,3.413141492052006,0
8.013525055862448,-2.032889597122322,-1.6235828576301614,14.89635951913291,-8.948680633079112,1
2.533436521135519,7.696812529370969,-0.6375441078592077,-2.4848752544496673,-5.026584305499648,0
0.3377527915532733,6.838363206374641,-1.652188237224413,7.171608079569029,-0.5228058110725458,0
-1.7309092107636137,2.2637911554909995,2.234725075674102,27.055063695094546,-5.658483122083673,1
-5.545267058502638,2.73715935258895,-1.194460958074325,-12.235344616058148,-1.1847615293687452,0
-0.33430778734948013,-8.109043488972143,-1.3234545360301728,11.762689550642216,-6.107768629190053,1
4.368290172351005,2.550839173988833,-3.6064820604872416,16.979442184119353,20.039577790289723,0
-1.96268623418745,-0.7764343489012923,-0.1487696231409102,4.211275777094194,13.290607406478436,1
-1.1362129150028006,1.7356228233128885,-2.6823650203170093,7.652124357168803,4.499521630644412,0
-1.1051717571948918,2.7298376473843913,-0.5422505061872818,12.79634467713052,-0.5361851813886299,1
0.5479718399908434,-1.3651670724331015,3.1254466581645968,-6.702951659654682,21.907641627992113,1
-7.965054393728045,-6.761927200748337,1.0977746589333792,4.174117281438917,3.2295290807362016,1
-1.1769917598254551,1.4714982602969398,1.514175884356293,-8.88004935618753,-0.8684550786885926,0
-4.271977590770357,-2.9655346097615802,1.0682726992734106,-6.912470413214244,3.031263768184579,0
4.422925162813026,-1.3207763708973577,0.1775271905744799,-6.315627456115833,3.0594320641191737,1
-3.852993382824299,-2.418039376376778,-0.3819846920148896,-1.4626827269219285,14.103177064837283,1
2.8852337365034773,-1.3662970210207521,-0.9234186477049994,1.4977563848346318,-0.18964692483928372,1
7.6221872636338,-9.238083829063767,2.277351026499216,4.6303316701860044,20.993248240572516,1
-1.5679813064081274,4.867788508926069,-3.252719427864746,-14.509086898153555,-8.820212600017166,0
-3.0078812606173306,1.013384409305896,4.022167758676633,20.267754218405436,6.94050216918844,1
0.957161295630464,4.445597051675456,0.10223418805445236,11.835289567562619,-10.018267766478061,1
-0.010145138045143061,7.919367319239743,-2.2461011717321213,7.435627693927573,18.171009566239643,0
-4.968081736698557,0.09037249025100297,-1.4674382371200387,-3.6653039160670735,-3.3056543889317567,0
2.3045970785668977,-7.209745023362302,-2.0309712035643352,-0.9130666673423081,-0.5818927181241474,1
10.07758026737704,-3.575547401518339,0.48061949708412344,5.611664206332558,9.242369063025212,1
-1.2905599763286213,-4.827617923586841,-2.1535291334649243,4.214399863952844,12.553406840282207,1
-1.014380980323316,-2.007498572579996,3.4263935963512098,-17.210624380768245,-11.118768365882964,0
-5.224660117845429,0.3185919122639099,-2.3449169778427295,7.592792642700629,-3.4615899164152815,0
1.595442258432738,-8.008749068092955,-6.817565791242522,29.882475884033077,-13.949232727997696,1
-6.234881123538141,1.369901973366209,-2.192995478177685,-18.932899501520968,1.373051513755207,0
-5.534655121757418,-6.0414266131435115,-6.025563519898972,10.196776216340918,-1.013725351413309,0
6.398336359218948,1.1894610512000454,-0.11960655171797009,3.7850197507595706,-3.4893402275956484,1
-4.527265296973221,-0.4379645807079256,3.1774739351139347,-1.1441521971153996,-6.844613389006097,1
5.406787846656691,-1.25452495677031,1.94327940079702,14.070157400223115,-3.8590646384786504,1
7.6217900189140355,-0.29217222376525276,-4.012768514841728,-12.135963130802121,-7.463953387304489,1
1.2966322873837142,-2.1591120629267695,-2.2867658447039982,1.6709499277851292,5.289618420261225,1
2.7669570142541176,-2.449885773616695,5.335900606700055,15.019546519282645,15.159500472046956,1
9.761254718433891,-6.7310255634755505,0.9555342262030018,-2.020985448325452,-19.307241085690187,1
-0.9836420103285832,-0.118509259397317,0.012356077902176485,-4.292630330265705,-1.159675160714397,0
-2.965028984708078,7.38213484249327,3.168187683580673,1.1797722239794746,-4.181717740941033,0
-6.766155323914709,7.921980251538418,7.358223376290475,-4.567553480048277,4.9236858850129614,0
0.20853540173173177,5.287270386179771,3.889719832739216,15.891687302935997,-9.51767017343714,0
7.395721054591533,2.8232064034062323,0.418245764311737,-9.31847773671157,-1.464358306927738,1
4.797976907004326,-2.705920496319953,1.0640645279544698,8.969312703305736,-10.395921824785033,1
-4.710456207089787,5.771003152865045,1.8512393732946517,-12.86683799566433,6.966978434727916,0
-4.27687691916298,-0.22451021776387578,-1.8380954895303716,6.875724027218498,0.992746299582923,0
-2.520856146704818,-0.2755020390522935,-3.176158418152321,-1.0779946957536914,-1.6147456556353148,0
1.4613404124767084,-1.164908527357059,0.157347250468142,-26.5516197132188,3.7018792901034816,0
-1.0265571355184189,0.3678475960731825,-2.8416336883893614,-0.06143153353732409,-2.4648330463094243,0
1.0722697272154065,-1.7408596063522255,-0.1843872571052057,-10.967837412742522,-15.538209829768286,0
1.4836968902272365,-0.33512867749242514,0.2883691199762715,-4.567815125937225,5.95730409933268,1
-1.4938679333922376,-4.338396434909046,7.023111965648807,15.815517986492388,2.8827017045747008,1
-0.20086970801471868,-1.4946548189620743,-2.5531499839697007,-11.485810870406674,-1.5407960154487466,0
1.0329618860801708,9.122225879799288,-0.3653667959128041,-10.899504257265901,9.849249306335562,0
-0.4198485176658801,-0.2783761118477872,-0.4929086687535984,14.808828568718004,12.184955497918859,1
2.5176043249702538,-0.9546422590870517,1.3119316001259922,1.1919692046819659,-10.922826341215208,0
9.354378866640024,2.1294971164202106,3.1401729947508676,15.847309175915665,-7.810760719852001,1
2.9598614238541527,2.832487286813848,-1.4714505048799658,3.3260737411589054,15.472850957678503,1
0.27905273204275927,-4.455075436688293,-2.464056090315094,-9.0706467160641,14.188518665913126,1
-8.430593116809574,-0.8286351312129803,-4.922131847794965,-0.6816737185530974,-7.383931285860975,0
1.9397854300760087,3.673103363739061,-2.77861349040854,12.641284304472292,-11.807100522366516,0
-9.733392058836037,1.0793505162884223,1.6093225037297836,9.675052248511342,-6.375675537359791,0
-7.04517043078061,0.4878161740070877,0.13694112546960868,0.009115320758069846,-4.981164068176124,0
4.273196262343825,6.216070674434933,-3.0463019847184762,0.5014367071243192,-15.840658318867206,0
3.531175300683321,-2.711091038558575,-1.1183024294545723,-1.157004401151785,0.311672527492588,1
-0.7496949917444239,0.33098358043053266,0.0944188433707956,-5.946671712463415,-12.801789097415188,0
-8.550055530761078,-2.0802346610202855,1.5110367948267913,19.85879749375144,-12.103896500415235,0
-1.8567425844542513,5.961232916304963,-1.7801830585155773,0.07393170164879609,9.161064222661041,0
-3.3936915910801204,-7.807441597106129,-0.7513201729736225,-11.629091187923692,-6.8318927548076065,1
3.184203730651051,-2.680566781935038,-5.4553042000206275,-4.904175486172887,-0.7147118211444802,1
11.288652662137658,-2.1166278641116705,-3.4541574067138305,7.468198607642406,6.290963556756982,1
1.0846524397732793,2.65415849268636,4.853146974536534,6.595594318782978,8.132240720912229,1
-3.8965556401605843,2.425101904438108,-6.564422018084536,-1.4099903467320576,-3.3702012879275998,0
-5.8527576515161,5.580777040954926,-1.0134076579020803,-6.872569566347936,0.4411747865460111,0
-0.2804714038413631,-6.296131369349301,0.6575946880327659,0.24582120939776186,-8.254059893947533,1
-0.8839659675679391,3.001900036121919,-1.1230477359811113,-17.206875500530124,17.4737969645902,0
-5.757595797637358,-1.1731194571532246,-2.4244725700961927,-13.384432150414224,6.499498177631487,0
0.581776178460921,-2.6625009490327023,-0.18323559716199697,8.21399594139533,-11.032397799260316,1
-5.754567606554309,2.158274133490084,-0.014896204506838569,-4.927687948123542,0.0405796885634217,0
5.5605363586465035,-3.680558330942594,-0.2463522147956993,3.85483933892715,7.135516873594568,1
5.3132530289407764,-8.30765318125729,-5.633136363456347,12.52592533070883,4.794109665687367,1
5.4237563264821045,-1.480873955690541,-0.4422108838661887,6.679124924998421,18.29170118040397,1
-2.3702523530426407,-5.991083406567614,-2.5653380708746676,0.21189653318113827,13.723191131834142,1
2.572602816590444,-2.5956632842827134,-1.6432076244406184,21.87981864530712,-5.3930645782652284,1
-0.6603475260967842,1.4862190550044028,0.6809242900243597,6.864987964126616,-0.8918050046226211,1
-1.9440603070124083,1.247998982456632,1.9221862514416996,-3.6446034394198246,-12.815413929761867,0
-1.6957282857103306,6.347597795914267,2.69033200272562,7.526967264568842,2.4945298288944406,0
-6.498576365170753,-0.7986189877739467,-1.4892391709366652,4.19346493896769,1.5102105954633642,0
-7.219318479475606,-6.133326362191421,2.7720083301603515,-8.799859722813213,27.034828626190397,1
3.9715739543802284,-3.024387426542713,3.5211825978719737,0.7501520407748196,0.9757510420961347,1
-0.9561770195976004,-3.677536898505087,3.409913773638178,-1.6962420039136794,-20.932523806510893,1
1.0821242556381159,-4.8713006338329965,4.169303816434301,-20.215523437034413,-6.720864867045588,0
5.008551942270599,1.7414687800617634,-0.43704751775673656,-1.7725145727058091,1.1234921152507353,0
-8.66566247508037,-2.5809293518609593,-0.522395745219787,-2.9105534618990876,-12.560152925928039,0
-3.92065036907947,-7.909491266748031,2.475152338183046,-4.5063933502457765,-8.672076840515677,1
